,rate_of_change,trend
0,1.938,13.272702230011841
1,2.309,11.572504834818755
2,1.113,10.791728542963526
3,2.341,9.54287630006159
4,1.657,9.40351943877092
5,3.634,7.756623334538858
